#{"t_start": 1658948008.1539516, "env_id": "LunarLander_obs-v1"}
r,l,t
47.536495,67,0.225371
147.183533,85,0.47292
-84.576444,107,0.832367
94.025742,76,1.031142
137.396491,58,1.175175
41.040576,66,1.389521
-51.424968,69,1.615413
71.600014,101,1.970406
-190.233549,84,2.179661
-128.78486,91,2.394611
-18.062008,104,2.652688
131.661726,91,2.879737
57.358784,74,3.131131
74.592067,92,3.347891
63.57616,82,3.543011
40.401307,102,3.878461
-269.014897,94,4.108439
-41.009882,113,4.427705
155.745375,80,4.69862
10.240754,67,4.875669
165.185673,61,5.087863
-119.480296,112,5.395247
6.666182,114,5.725695
48.61149,82,5.939907
102.158884,65,6.130187
-74.280827,94,6.360987
88.775468,65,6.536686
99.420035,81,6.805689
-71.91924,108,7.121425
115.662485,88,7.344436
75.605807,84,7.572199
81.721872,68,7.776388
90.670767,73,8.038744
90.519028,57,8.223253
98.429228,98,8.511158
108.711516,65,8.68896
103.176348,115,9.027355
137.988627,98,9.274195
161.02164,68,9.461958
93.722016,90,9.745107
93.615935,74,9.940402
145.20109,75,10.141246
132.325489,109,10.421813
129.631661,63,10.585053
168.947983,104,10.838568
119.856925,62,10.991364
104.220035,72,11.17073
50.567665,93,11.404344
106.206209,61,11.566712
34.278312,92,11.800561
112.558243,63,11.964373
166.713788,86,12.182443
167.960392,57,12.326445
71.344166,65,12.503906
121.223811,55,12.639066
187.113788,61,12.797736
57.748189,75,12.983719
40.563845,106,13.266709
161.759618,75,13.457864
181.326398,97,13.708713
151.550463,59,13.860206
160.156394,78,14.052269
54.595,87,14.283309
143.651698,78,14.475043
152.483021,76,14.678015
181.569821,78,14.878702
106.053881,95,15.121926
-21.753543,104,15.394651
27.64843,95,15.629066
111.653698,57,15.787738
66.438324,72,15.976279
146.932094,94,16.222857
57.525377,94,16.466814
149.771165,67,17.189534
135.422437,102,17.475194
135.189326,71,17.661625
124.917627,80,17.878925
101.844905,60,18.030373
115.281274,65,18.195612
37.715373,80,18.401359
89.647562,95,18.636514
175.877148,76,18.824127
158.045494,81,19.029934
122.25797,75,19.214986
98.097703,88,19.439777
140.597029,61,19.588311
186.205796,56,19.726375
79.689139,88,19.952038
149.718731,92,20.198448
162.607207,57,20.344517
194.912162,74,20.550947
156.958157,78,20.74744
179.662863,69,20.923169
134.193234,69,21.117047
167.282569,64,21.282348
50.713984,86,21.517088
147.802742,59,21.673941
123.922244,65,21.841556
204.807139,78,22.054281
190.900968,59,22.205876
83.303675,70,22.390862
183.42536,101,22.661342
148.969511,103,22.930627
113.216875,98,23.19244
168.198663,58,23.347219
194.39271,60,23.50496
194.592231,69,23.692737
134.057287,85,23.91158
51.910029,81,24.129575
158.652403,63,24.297682
166.585588,89,24.535305
108.935705,73,24.72846
116.556871,63,24.897168
110.896204,68,25.080916
124.086688,69,25.269764
114.66115,96,25.523533
2.024625,76,25.724011
69.823321,100,25.994981
75.571048,62,26.156633
106.498051,95,26.4171
71.683004,77,26.622382
84.415503,80,26.839509
96.949008,65,27.017656
168.552051,76,27.217604
154.900655,70,27.403631
189.857069,74,27.596676
119.724372,58,27.623942
181.86494,82,27.66023
112.847695,61,27.688845
78.429876,65,27.71974
151.981352,60,27.912703
164.368537,97,28.188531
162.012808,95,28.438544
145.885457,74,28.637688
26.031666,71,28.827905
88.84927,75,29.030442
148.615752,72,29.225144
105.174376,64,29.39538
148.447253,85,29.636552
113.876163,60,29.796465
162.475227,63,29.958263
92.183461,92,30.22397
106.485364,85,30.457892
25.631175,69,30.651891
140.375542,61,30.811948
116.118449,74,31.011764
89.878456,60,31.181098
71.008935,95,31.428374
99.549942,63,31.606569
99.781826,96,31.867684
155.447097,71,32.061955
168.117249,78,32.271594
123.687362,62,32.440188
84.408464,56,32.593019
91.147185,90,32.840792
123.200738,82,33.070441
106.068148,74,33.273326
163.542023,84,33.496347
156.968013,92,33.746496
26.388752,83,33.973906
79.389185,94,34.238763
119.035242,86,34.465831
134.952024,99,34.731819
167.001864,93,34.983418
106.21216,71,35.190199
132.775232,97,35.521067
123.02726,96,35.883253
142.254119,91,36.134379
91.633221,64,36.307969
140.364002,98,36.570585
166.069572,101,36.913862
68.500969,76,37.210549
100.16401,69,37.472358
107.550339,88,37.743965
23.723188,92,38.022909
17.318628,70,38.358844
99.553995,98,38.779499
183.752184,79,39.084219
94.922627,83,39.411806
171.870424,86,39.772394
174.848783,69,39.967971
89.497236,78,40.248001
149.494988,93,40.622633
131.733973,81,40.95476
90.481537,77,41.259154
64.436145,97,41.578875
173.61369,66,41.794003
147.860024,68,41.981566
165.289367,74,42.229649
75.174719,81,42.485783
171.253633,88,42.805102
174.152004,85,43.159405
127.49372,99,43.702788
93.123273,71,44.074031
151.732748,66,44.355239
91.756359,68,44.597478
153.786803,106,44.909189
159.808426,74,45.221522
150.113588,77,45.49788
137.527062,76,45.796278
170.47936,104,46.109024
150.889116,74,46.380208
184.484173,81,46.638868
123.686689,95,46.909948
130.197522,72,47.109136
86.751972,87,47.35979
40.883429,80,47.675567
102.515998,73,47.966867
133.25547,69,48.210796
118.641642,69,48.417624
127.842765,73,48.648285
184.526173,102,48.929747
126.017611,72,49.191443
137.770128,70,49.438285
133.930017,70,49.650783
155.826165,65,49.878077
125.726547,71,50.12025
82.164217,74,50.386388
159.692212,102,50.742572
172.128021,73,50.988521
82.224691,76,51.229541
106.785765,68,51.447486
177.320339,99,51.841977
147.427478,82,52.217395
173.116354,70,52.472419
174.272286,69,52.725806
153.317318,75,53.063483
118.596348,80,53.294503
58.611094,79,53.51446
111.414155,81,53.723294
95.891586,64,53.955196
180.650762,88,54.320527
130.673931,89,54.596062
118.895441,100,54.86337
113.953659,66,55.044969
101.497102,82,55.259418
182.328651,65,55.51496
148.97714,77,55.775743
90.751573,86,56.003838
113.079758,72,56.190309
162.052879,81,56.418346
97.988698,80,56.783535
77.840171,82,57.043804
88.295141,64,57.215369
126.058415,92,57.460843
176.33235,98,57.867468
145.701375,86,58.121892
180.324022,72,58.331766
72.519809,75,58.63382
28.343714,81,58.916741
91.492034,63,59.154021
112.497996,96,59.525135
202.311704,72,59.784214
169.024782,74,60.044893
139.013694,91,60.44405
114.761361,75,60.655259
120.891558,74,60.704984
186.30922,65,60.744576
75.981699,82,60.800628
180.386523,66,60.841755
183.566456,66,61.087479
113.861329,83,61.383896
109.667149,125,61.839706
91.348127,63,62.070466
43.075849,90,62.432049
142.558163,97,62.699319
144.936781,107,63.022057
101.464494,85,63.248489
98.469221,66,63.430859
106.108793,75,63.635374
102.021545,66,63.80966
157.768452,105,64.092178
117.966045,92,64.337071
181.399758,92,64.582994
98.821843,137,64.968812
130.278397,104,65.250592
109.602801,63,65.416268
101.476861,77,65.626613
92.213072,82,65.853668
125.084573,96,66.123501
129.86443,82,66.347391
90.410731,111,66.651424
87.02779,77,66.881011
104.951347,85,67.146656
47.190335,86,67.395957
97.893164,75,67.633759
165.848117,81,67.846277
92.708292,107,68.140836
119.154346,88,68.39319
160.64027,90,68.698673
156.944944,71,68.912524
190.087001,95,69.198316
121.787577,51,69.351804
171.102483,151,69.841929
104.667658,81,70.088934
148.220894,73,70.313285
-161.88948,438,71.791259
126.055911,87,72.042505
42.031619,85,72.279903
158.187934,155,72.780114
-134.298406,174,73.287832
-128.463431,169,73.809111
73.268,95,74.087764
114.967756,98,74.364208
168.068243,87,74.688801
107.355997,65,74.945993
193.747126,57,75.155099
117.196444,56,75.363842
135.032021,126,75.842514
85.766173,78,76.139441
183.815038,54,76.330079
121.040488,161,76.955829
186.805618,93,77.313385
132.889522,55,77.498892
179.373599,53,77.699469
127.400351,135,78.203207
175.041579,103,78.584483
123.416436,58,78.812311
74.732664,86,79.110797
144.345381,53,79.295582
121.753095,129,79.788969
26.673504,86,80.135134
200.565426,79,80.443863
211.364265,66,80.694404
202.792469,74,80.982876
184.726184,80,81.274215
177.504934,70,81.511862
93.348721,68,81.750561
141.244315,65,81.997021
165.950894,67,82.23104
181.283486,85,82.5466
156.711765,84,82.845076
110.778908,70,83.081739
124.322691,99,83.429372
129.585146,57,83.621136
98.064917,72,83.872669
128.046508,54,84.06831
93.278285,92,84.399542
11.360924,167,85.005119
110.03367,72,85.263755
133.39418,67,85.510638
144.940878,56,85.710106
204.508804,73,85.96032
110.644452,55,86.161081
86.64795,78,86.446395
124.56791,59,86.652077
116.56477,66,86.892336
179.773367,98,87.231866
106.334619,54,87.432643
119.472642,75,87.712473
140.966463,68,87.956418
109.908017,57,88.148151
129.074071,66,88.376763
180.273673,88,88.691473
174.172908,73,88.961607
168.302147,76,89.240257
90.014157,87,89.55415
129.094132,77,89.846459
76.073436,77,90.13107
92.47137,62,90.35252
195.891817,73,90.624732
189.909332,93,90.962447
150.720671,61,91.171409
154.828593,92,91.493056
127.008077,58,91.702442
144.127552,57,91.908286
125.764901,61,92.124226
127.699781,64,92.356302
73.028082,84,92.656497
176.572828,55,92.853585
89.091805,75,93.132452
175.80527,56,93.33187
190.400046,56,93.536235
177.509611,81,93.822063
171.239471,66,94.047444
121.417789,61,94.27672
195.828397,81,94.542965
58.161557,72,94.588672
34.647349,80,94.638317
184.722748,68,94.677788
189.580331,80,94.724055
136.525158,54,94.946014
192.297936,78,95.221926
136.140483,72,95.480284
180.619168,59,95.70364
204.37732,68,95.941673
160.667928,83,96.245581
193.670211,75,96.513776
146.812962,54,96.710119
100.662461,59,96.922832
180.869673,89,97.237149
180.710431,78,97.533234
106.560145,85,97.840681
140.374342,52,98.024682
179.914167,54,98.210187
131.434086,79,98.49696
127.311404,84,98.793861
136.803782,74,99.056376
42.507787,86,99.343351
185.41165,58,99.554292
193.464079,60,99.763196
112.927623,50,99.937766
120.681924,52,100.124443
190.875086,70,100.373735
197.225334,70,100.613286
145.133101,69,100.858741
131.234317,89,101.193616
29.971444,88,101.513305
176.52257,53,101.697055
130.146882,70,101.93821
106.710342,73,102.203625
126.121377,69,102.441694
166.656523,90,102.755656
112.492393,62,102.981575
137.241863,64,103.211154
161.524868,83,103.509776
139.638514,73,103.770078
181.787141,58,103.963306
145.153432,90,104.269497
184.828471,79,104.550788
198.405347,68,104.788373
182.688956,65,105.020248
103.080668,64,105.254146
159.154414,71,105.50819
157.469883,53,105.688759
152.996006,55,105.880977
89.408401,86,106.194442
136.956555,84,106.496577
106.441284,58,106.712922
53.384119,69,106.96355
104.994429,84,107.270189
171.940305,66,107.49781
144.530882,77,107.780734
145.184876,55,107.963891
157.029295,83,108.265352
61.847393,83,108.56314
185.686201,62,108.774552
148.416677,82,109.060293
194.518916,62,109.265279
163.158255,68,109.507105
180.212405,63,109.729933
167.104054,66,109.971395
89.990821,81,110.245204
148.73095,68,110.487924
185.00851,55,110.682726
137.382492,71,110.928838
158.675964,59,111.152269
63.890563,88,111.471098
183.825526,55,111.655946
138.693246,87,111.955853
126.992112,60,112.159436
101.303387,81,112.439739
116.323169,54,112.622599
152.112512,83,112.921968
118.442136,63,113.156554
173.738261,73,113.407304
117.979228,56,113.604677
174.255325,58,113.813455
197.447889,74,114.065038
174.389753,52,114.246518
58.902959,63,114.477377
116.403802,59,114.690246
170.056921,87,114.992279
139.648703,65,115.231475
78.651772,71,115.483714
47.867321,95,115.828893
113.429262,78,116.126002
166.855805,96,116.456129
125.647898,59,116.661922
170.426172,76,116.938834
144.495658,64,117.16233
144.658037,63,117.392468
129.190928,60,117.604048
93.826858,72,117.857731
34.761468,65,118.085628
185.046455,66,118.314258
126.388709,62,118.526088
123.498926,88,118.840332
197.956007,75,119.101832
137.511558,75,119.360734
200.647186,71,119.608186
190.287766,66,119.838181
113.582372,90,120.159345
87.234651,55,120.346468
158.657504,56,120.537214
108.680108,71,120.797283
97.736899,56,121.004094
133.590215,84,121.294012
148.086054,69,121.536088
175.55441,55,121.736864
160.435854,85,122.0397
186.933501,63,122.271626
70.994694,76,122.548128
71.485523,82,122.840574
87.657031,87,123.149283
127.864626,70,123.404607
120.889255,55,123.591651
193.866025,68,123.815386
175.991175,65,124.046181
140.30547,64,124.273687
21.401052,91,124.602896
91.528385,78,124.8739
112.068915,59,125.096238
120.264316,86,125.407013
97.257069,61,125.640578
66.140328,86,125.944558
88.122445,78,126.224739
161.741704,57,126.423214
66.821519,76,126.680377
103.454444,60,126.893207
120.620079,59,127.11056
130.353243,68,127.358166
133.137693,55,127.546146
158.504386,87,127.86676
122.001828,76,128.144195
189.385001,78,128.418054
108.009521,80,128.708386
104.971302,89,129.015616
107.612891,75,129.283424
175.22651,63,129.50359
104.148104,70,129.758545
136.649683,55,129.957315
91.156988,84,130.257621
189.558392,61,130.308343
43.939185,78,130.361337
114.230695,80,130.407611
137.465087,55,130.439958
46.686325,82,130.49106
174.529531,76,130.782689
152.890455,57,130.989651
188.35642,60,131.193853
109.522221,76,131.457862
45.776867,88,131.767844
70.805989,81,132.061119
137.649886,72,132.324113
109.235169,65,132.555596
93.195509,72,132.812388
176.963889,90,133.14553
67.296982,77,133.41649
135.041098,62,133.635874
104.517646,60,133.842642
157.920381,71,134.0905
179.796898,62,134.312897
45.124602,85,134.606027
156.952345,66,134.827391
191.548425,82,135.119306
98.114359,70,135.362317
152.56201,73,135.632303
98.45127,67,135.871051
164.742308,53,136.066335
127.64088,60,136.280113
171.018991,53,136.470223
106.323105,71,136.729696
133.410092,90,137.055963
174.971687,67,137.296979
184.793636,72,137.554568
163.936945,68,137.7909
88.71761,60,138.006442
163.516235,68,138.241402
124.247984,90,138.552396
198.777387,77,138.815848
70.484937,90,139.124966
188.860905,76,139.383139
108.416751,74,139.661531
93.180887,57,139.865046
101.451061,97,140.211524
121.915786,53,140.404056
128.937943,64,140.625749
141.326393,75,140.890272
185.148391,63,141.109788
176.218606,53,141.288473
82.05161,73,141.544617
184.105854,64,141.763409
127.962119,85,142.079254
108.938484,87,142.389304
133.759997,89,142.71414
116.742212,57,142.919186
169.020638,54,143.105014
86.290234,55,143.30329
86.83859,78,143.575106
34.780576,82,143.860862
189.906856,64,144.088356
189.221178,89,144.389737
65.552594,82,144.683253
133.377796,56,144.885812
172.400013,71,145.138786
85.527764,87,145.440675
162.520098,53,145.644375
102.869966,58,145.847113
121.058396,63,146.075258
148.320906,56,146.273034
144.648524,65,146.50446
171.917655,53,146.679529
136.136263,82,146.96574
115.436393,58,147.171065
188.470056,93,147.528975
132.890383,66,147.763489
147.038703,70,148.022053
137.892959,80,148.310292
40.240022,69,148.560861
67.572869,91,148.89386
171.583723,91,149.208654
155.091267,76,149.473848
150.803657,58,149.690238
147.974659,84,149.991009
181.338933,55,150.192352
74.830875,54,150.381624
175.653451,56,150.584886
181.285262,55,150.778202
122.853245,58,150.987422
143.121525,56,151.192111
168.429449,53,151.394196
166.146117,52,151.574257
117.610638,68,151.813325
146.281672,82,152.098752
20.512025,89,152.412566
114.704112,80,152.685823
158.883822,57,152.893699
133.126425,76,153.158465
179.775208,66,153.386397
205.147216,81,153.660884
175.113331,93,153.993926
129.944226,87,154.277019
111.741248,92,154.60737
186.513683,74,154.873794
124.980688,52,155.059485
177.571513,79,155.339573
71.474343,55,155.525607
72.193265,87,155.842603
116.59222,94,156.192792
159.454563,77,156.468673
162.882797,89,156.792349
153.193839,69,157.028596
83.771802,75,157.306128
116.146136,92,157.627828
115.168564,53,157.815919
113.432432,58,158.031384
35.34291,69,158.27516
177.481609,57,158.474267
117.755512,77,158.754875
74.389582,71,159.003593
163.749067,72,159.255797
83.318773,77,159.542801
136.224914,52,159.73029
76.987934,76,160.009699
181.705657,77,160.280074
134.960459,77,160.55606
36.286291,76,160.834421
180.48288,80,161.120059
206.87369,68,161.36131
150.929976,85,161.659996
93.670771,68,161.897751
142.450001,71,162.159304
135.804468,86,162.47894
96.221186,57,162.686342
88.125227,67,162.936037
161.689665,55,163.12121
53.341476,75,163.386581
190.943603,54,163.578171
177.48463,63,163.799006
163.039282,57,164.015665
149.412248,53,164.200323
44.867559,75,164.470845
163.26157,90,164.790511
147.016569,59,165.007994
169.680113,79,165.277513
114.988051,60,165.47673
157.350641,89,165.778943
132.521624,81,166.065163
164.472284,84,166.124438
48.121933,75,166.176425
162.049027,52,166.20981
87.37771,64,166.252407
133.685846,60,166.291055
113.961352,79,166.589368
82.825204,59,166.811216
49.157656,82,167.109616
192.255076,55,167.307734
95.953022,69,167.555238
169.125961,79,167.842347
110.538255,81,168.129309
188.340317,58,168.344662
116.696825,60,168.55611
118.923078,83,168.854399
117.662347,89,169.172906
81.551825,71,169.430013
15.403689,95,169.761127
118.852351,56,169.964473
94.83732,86,170.281361
59.261554,53,170.477118
132.256213,66,170.723346
143.136523,76,170.995028
161.363028,80,171.288373
197.716962,76,171.559566
125.637945,65,171.79413
110.421262,63,172.023083
188.858192,78,172.291447
174.626424,61,172.50864
105.371999,67,172.759672
101.222391,63,172.991382
192.30381,55,173.203471
145.57881,59,173.4073
192.331891,85,173.727964
138.697435,70,173.976241
81.095046,54,174.17516
179.064984,85,174.468829
106.010471,92,174.794739
182.100111,76,175.122734
125.745652,63,175.344439
102.629446,88,175.648727
45.684531,94,175.974317
102.269691,55,176.173375
171.83406,74,176.424093
123.785475,70,176.684901
61.20189,67,176.930122
205.030906,82,177.227721
107.473767,59,177.443929
3.859381,90,177.756803
151.720185,93,178.094349
137.504841,52,178.281662
188.234208,76,178.554704
166.193486,81,178.825185
57.869894,71,179.07287
6.452494,90,179.371715
46.709399,75,179.647772
111.759512,56,179.845227
152.990103,93,180.173588
209.092563,76,180.443664
152.522003,82,180.741251
203.670808,63,180.946858
76.719535,69,181.207003
192.536848,63,181.418462
197.396735,78,181.688721
189.227939,74,181.942326
107.614111,71,182.20586
117.640517,54,182.408191
89.515464,74,182.670398
78.665036,88,182.98095
89.120183,65,183.243198
190.746103,87,183.55202
148.202931,89,183.904542
75.903687,79,184.194266
183.389505,63,184.424139
145.626747,64,184.652097
187.744581,55,184.84682
-22.175165,98,185.199662
172.877412,53,185.390152
199.778427,71,185.64248
124.495258,56,185.842424
134.594061,87,186.156107
155.621729,53,186.344331
10.176701,94,186.689664
139.455152,76,186.968432
76.717125,74,187.231439
92.499079,65,187.469689
203.218134,66,187.716168
191.236742,65,187.954701
86.26455,91,188.288055
188.189592,60,188.496943
196.707799,79,188.778603
43.706022,78,189.061037
138.809795,65,189.291295
188.776793,60,189.506695
188.707109,64,189.735803
178.324383,62,189.958964
157.234992,86,190.24473
75.206514,80,190.536659
177.465737,64,190.76264
74.489516,63,190.99036
79.569786,84,191.286051
168.480748,80,191.57141
85.025124,79,191.859087
124.819503,69,192.108158
-20.853077,112,192.522775
188.010475,61,192.738633
120.143974,68,192.983072
104.576163,70,193.241405
100.234435,56,193.447078
119.478142,63,193.679558
141.385331,66,193.910671
198.914585,58,194.127659
206.341091,74,194.389075
26.100585,97,194.740687
80.72856,97,195.097921
69.58218,66,195.336782
134.291559,63,195.566021
100.655339,178,196.279962
59.649114,79,196.570197
95.69094,77,196.834616
102.635422,56,197.040637
140.81674,51,197.227076
148.604793,78,197.510871
139.506747,60,197.724755
162.592086,56,197.931828
185.222082,78,198.214288
15.489994,75,198.493076
165.171652,83,198.80309
166.863769,72,199.058705
93.653256,64,199.291535
189.837501,88,199.612625
115.052198,62,199.836492
11.519955,86,200.15664
53.873619,85,200.462276
38.701284,69,200.710128
64.236587,88,201.025668
162.044995,65,201.257671
140.526591,54,201.460501
162.163212,83,201.7728
88.261268,62,201.997734
71.586605,78,202.289793
11.046875,93,202.529368
202.372907,60,202.569968
145.153248,87,202.625989
151.116298,89,202.686216
46.226276,71,202.73224
171.693793,91,203.082572
178.472474,59,203.301322
89.123037,64,203.530972
78.018468,84,203.834165
204.855813,71,204.086714
100.320195,62,204.305826
164.99169,59,204.519676
199.150552,72,204.776168
183.0367,60,204.993496
65.328495,55,205.19214
106.619677,84,205.495647
201.580303,70,205.742718
170.716461,53,205.930777
114.791905,67,206.179162
33.65111,96,206.536398
175.736099,55,206.735654
200.709934,82,207.025995
64.835742,79,207.32031
94.985348,69,207.570978
85.0066,81,207.873898
74.545575,69,208.129974
63.123885,86,208.428051
164.904571,54,208.61912
74.76133,58,208.819501
37.936062,97,209.179962
26.898055,91,209.504001
154.008176,75,209.772994
185.168795,60,209.990003
192.039481,55,210.192168
187.119344,79,210.476635
180.662024,57,210.683482
135.677144,66,210.929734
116.937263,69,211.191504
179.778502,69,211.437955
161.32427,57,211.643238
194.841484,82,211.943034
167.998183,58,212.142413
5.374744,93,212.476644
202.307087,65,212.719422
80.487072,61,212.949087
55.502751,93,213.288451
122.989274,60,213.497759
120.439319,54,213.69767
107.71501,64,213.927308
34.949893,89,214.253406
105.75961,71,214.510591
183.389639,82,214.806673
139.667678,58,215.022362
3.809468,96,215.37541
59.71289,76,215.655408
78.025432,67,215.895695
118.693452,74,216.170733
103.444235,56,216.367922
76.091619,83,216.672436
14.421909,66,216.903278
145.917843,55,217.090332
149.401549,74,217.354978
53.693399,81,217.656081
109.686561,60,217.874021
140.40757,76,218.137141
186.773788,71,218.371495
85.684805,87,218.674285
189.699172,68,218.905697
208.815075,76,219.176695
159.849979,67,219.420902
177.975272,76,219.691251
173.9236,68,219.93945
18.842332,92,220.273747
110.753775,52,220.457687
144.608741,56,220.665075
146.4693,88,220.988597
96.94332,83,221.286131
83.705449,86,221.572619
152.572779,79,221.854706
171.393359,53,222.035725
185.094814,87,222.340313
38.023548,94,222.680115
167.65598,58,222.897036
118.157789,59,223.12275
169.773091,89,223.436373
148.117697,66,223.661246
147.466578,90,223.989042
185.345124,63,224.219632
149.936125,52,224.407056
138.116662,79,224.684869
194.726583,78,224.96706
87.253357,59,225.185398
119.807374,74,225.447104
106.198133,66,225.693063
209.78759,72,225.952492
121.818301,71,226.202918
74.882655,90,226.523161
157.392398,71,226.775867
7.628369,80,227.069954
109.994272,56,227.266595
58.629568,91,227.591169
169.569975,67,227.835294
184.467944,84,228.133596
83.817643,88,228.453338
161.956357,65,228.678825
169.853084,69,228.939595
108.096868,86,229.244804
191.209444,55,229.442807
181.667518,55,229.641852
190.249015,71,229.888871
189.378591,77,230.172458
184.398991,56,230.374456
40.7143,76,230.659763
128.918117,64,230.890466
196.480444,66,231.121167
144.460121,85,231.417765
1.064277,97,231.772557
107.638347,58,231.976753
182.365077,57,232.176341
176.855662,67,232.416178
99.319306,70,232.67088
119.883513,65,232.903052
168.545093,78,233.159343
182.082804,57,233.372762
177.366631,88,233.685704
190.898254,76,233.953174
102.890012,66,234.181278
51.708044,71,234.442758
98.452267,66,234.678344
172.264979,55,234.876368
155.248734,62,235.107038
105.609075,63,235.32616
151.659405,80,235.620227
138.326987,79,235.910789
185.643811,75,236.186791
56.068323,90,236.519355
184.371033,73,236.793567
132.588493,83,237.083479
180.502174,60,237.285572
34.657125,87,237.583725
130.763386,66,237.819062
159.433598,70,238.069559
123.328132,76,238.344092
118.411163,81,238.637205
173.257909,79,238.777927
182.283312,86,238.836822
197.298155,74,238.884458
114.026788,51,238.914356
160.416899,55,238.950356
87.000455,93,239.314205
48.766986,86,239.616089
192.675781,71,239.878122
98.164904,88,240.190502
173.473976,53,240.37597
122.6105,58,240.591862
155.823658,77,240.862396
159.756854,62,241.075029
160.938681,65,241.311156
187.409058,65,241.544716
177.746346,78,241.825776
160.630004,54,242.02948
150.247824,81,242.320111
111.904352,85,242.612816
81.350806,70,242.861375
206.940285,66,243.079602
92.844856,76,243.339531
164.057413,76,243.60561
78.375793,91,243.941858
84.843788,61,244.161784
183.845399,87,244.477241
181.895018,58,244.691159
119.787532,70,244.938629
138.283825,54,245.130911
129.687311,78,245.40275
84.804993,81,245.68929
155.243968,84,245.995982
61.883202,85,246.312066
63.112524,82,246.5978
113.069226,53,246.787261
121.154454,81,247.094053
162.251576,64,247.327139
187.483609,75,247.59261
142.569147,61,247.857748
149.904316,87,248.194153
76.243952,64,248.423787
176.168033,84,248.706327
102.951599,73,248.981783
157.188276,63,249.207335
100.343214,53,249.413943
161.493127,72,249.682996
89.01972,51,249.862216
164.911231,56,250.065267
185.502098,52,250.256792
140.4522,55,250.456315
191.756797,82,250.762474
149.350565,63,250.983165
136.252205,72,251.246562
191.395529,83,251.551756
116.214388,52,251.740359
35.642618,93,252.076972
125.971285,70,252.340782
97.795111,63,252.558361
180.557149,83,252.852992
108.401739,51,253.040572
185.051606,82,253.343641
186.821811,85,253.644646
133.684333,63,253.866742
190.16977,91,254.18161
161.273,87,254.505242
183.841451,84,254.810817
149.089601,68,255.056958
179.916419,57,255.261899
90.955791,66,255.512983
145.788654,54,255.695881
194.197737,66,255.944768
190.578497,58,256.141871
79.423035,74,256.412436
175.143979,54,256.599077
173.347905,57,256.818381
156.550976,76,257.0825
185.52937,73,257.342148
164.681701,72,257.602029
107.650425,70,257.854055
185.952424,68,258.108588
138.881305,56,258.31318
168.265516,53,258.514534
122.169883,74,258.783241
88.497369,69,259.037285
190.953909,69,259.295001
84.220168,74,259.558662
187.756604,68,259.80689
91.368451,76,260.080629
150.997866,53,260.269284
77.430211,88,260.590677
172.344079,57,260.805296
207.111529,76,261.083897
149.466887,81,261.363814
208.913538,67,261.599011
65.584675,68,261.840383
99.170175,52,262.025308
152.602743,83,262.309078
177.128183,69,262.559723
118.365323,76,262.829889
128.561267,84,263.13438
127.446258,62,263.356792
196.566823,71,263.61522
181.150105,54,263.801999
81.649458,76,264.085845
-43.479118,113,264.513536
95.01609,83,264.808061
159.773921,89,265.140754
124.132289,78,265.415875
124.994668,76,265.68971
157.681288,89,266.012882
179.730733,85,266.330488
175.114724,110,266.726346
163.172824,76,267.008411
154.181113,65,267.241817
-100.849003,114,267.664083
123.071489,87,267.977041
91.875113,101,268.324782
182.979032,61,268.529571
131.197011,80,268.822734
159.184109,95,269.179311
116.870988,78,269.453143
143.719521,60,269.66654
138.072263,83,269.97164
131.910016,72,270.229458
212.755484,72,270.476117
158.021342,54,270.679022
130.446203,59,270.884686
118.123953,86,271.20234
140.131427,79,271.490746
115.128962,55,271.678756
109.810677,70,271.944422
165.211094,61,272.161963
116.79095,75,272.439707
176.411831,63,272.681051
160.633422,69,272.930068
115.487662,57,273.132397
147.755666,70,273.387769
183.725645,65,273.620459
110.24268,89,273.93918
193.366201,68,274.175862
38.486175,73,274.428521
175.929387,56,274.623764
128.075668,78,274.913494
117.797241,54,275.136956
197.670879,59,275.170447
111.207432,82,275.22035
104.982514,56,275.253521
144.622746,64,275.292175
163.389124,68,275.555849
207.354111,67,275.793294
187.244874,53,275.988347
195.544739,91,276.328604
127.228326,93,276.672652
104.305829,72,276.935372
162.166694,63,277.161659
176.477034,57,277.360846
166.432285,56,277.559955
183.424865,78,277.847536
113.827978,61,278.066899
95.250029,88,278.394729
148.283053,57,278.601916
128.778115,62,278.82804
67.062372,63,279.063371
96.971306,68,279.315686
166.797022,63,279.533812
168.619538,58,279.749603
51.858969,59,279.974165
89.616876,49,280.151911
132.934957,87,280.47481
108.268543,58,280.685822
123.650534,76,280.96278
126.253224,87,281.286944
112.278765,80,281.577647
170.250576,78,281.854014
155.465725,53,282.056328
83.287409,95,282.391319
160.683841,58,282.604879
159.587504,66,282.83947
122.121271,55,283.03913
142.020506,69,283.28297
162.337159,55,283.478021
113.712619,56,283.67885
177.751996,62,283.904476
116.829227,60,284.122704
59.882081,90,284.445655
169.546234,85,284.751529
43.866308,102,285.130197
145.445417,93,285.468174
186.413628,61,285.687497
68.042482,84,285.997126
179.589181,63,286.226753
111.013205,82,286.529959
178.441807,86,286.836038
160.408721,75,287.109292
207.056649,63,287.339237
135.922797,56,287.540669
184.097519,70,287.784769
181.517386,68,288.036226
131.826253,75,288.31189
121.573426,53,288.500382
111.361547,70,288.757119
172.412823,64,288.990091
189.806039,55,289.174294
207.795379,71,289.430225
169.426237,64,289.662037
178.585257,63,289.893487
134.252457,58,290.094944
8.820834,85,290.413731
179.560634,53,290.603863
198.012655,75,290.875247
116.472577,70,291.126925
122.87955,85,291.434225
165.422419,67,291.676036
130.572482,54,291.875787
160.440672,61,292.090135
35.727442,64,292.324491
133.869103,81,292.61224
183.986866,63,292.842534
145.80475,58,293.042038
200.702078,76,293.297019
171.580204,74,293.559931
172.314443,59,293.773303
193.357274,62,293.991393
158.337378,71,294.255771
34.96562,75,294.539762
-93.79476,111,294.942785
-229.215501,105,295.33908
128.271721,92,295.673852
132.918072,59,295.87639
36.663735,129,296.429334
127.938073,72,296.689964
149.593323,65,296.914099
148.535777,54,297.12249
210.07163,69,297.380751
118.951235,66,297.61841
-140.55529,102,298.015937
101.864541,68,298.271017
98.572844,77,298.548339
192.43425,58,298.749603
141.122067,78,299.039443
124.129254,52,299.231528
190.2611,66,299.470425
132.305336,84,299.775291
191.894362,73,300.043743
166.51068,79,300.323379
55.560108,71,300.578645
127.828559,60,300.800993
-171.545296,113,301.223186
162.529899,71,301.484043
211.343237,70,301.74452
165.619326,73,302.013877
101.241894,68,302.269082
-78.937784,142,302.79687
198.092685,59,303.019447
111.167381,80,303.319952
183.38289,59,303.538453
126.269783,79,303.834796
155.981888,85,304.145153
181.406089,61,304.392385
142.362786,58,304.609701
154.602883,62,304.839804
202.398534,69,305.105274
169.309163,88,305.422878
138.92178,67,305.674751
141.039721,90,306.009973
164.439257,53,306.195952
101.026804,87,306.515368
179.803957,79,306.799939
133.0556,72,307.064319
-70.671994,137,307.581842
107.222199,62,307.803423
100.944674,60,308.022039
104.711369,53,308.208743
141.410807,82,308.505335
174.352091,53,308.686829
179.047431,66,308.920732
120.508558,74,309.185302
183.004756,92,309.511765
138.844735,54,309.713178
172.478149,69,309.961823
104.945411,57,310.168784
121.415222,93,310.509342
-186.944488,113,310.939982
171.967927,70,311.188277
130.390806,77,311.469484
181.748683,72,311.730273
28.827225,86,311.923886
205.484462,67,311.96659
93.862635,63,312.011669
117.142712,82,312.072438
200.327463,61,312.109705
211.964816,74,312.403774
123.568568,61,312.625592
-68.573165,103,313.02664
122.243475,90,313.345161
135.376326,59,313.567363
163.958069,56,313.770884
185.935017,77,314.036746
166.398966,79,314.319134
135.272717,60,314.539173
-82.661648,131,315.029629
180.848112,66,315.263013
8.154463,96,315.611513
51.682098,63,315.851444
-59.566671,171,316.516844
188.703921,63,316.745837
196.220737,81,317.039959
-59.190573,117,317.463898
-99.56644,128,317.932812
-69.873799,116,318.361858
134.875512,81,318.645972
165.790619,86,318.963886
104.222737,59,319.180041
122.006841,61,319.404843
162.052634,67,319.660998
183.230614,72,319.926132
182.585749,78,320.207037
180.51241,64,320.439461
181.939678,91,320.779148
95.690499,69,321.020046
122.383178,79,321.303498
28.949677,75,321.59268
130.63732,81,321.889623
165.889648,58,322.094547
105.875129,69,322.354497
104.463515,55,322.562611
-55.826437,135,323.07666
166.308574,56,323.279028
139.20316,53,323.466963
102.669058,56,323.667482
134.045115,54,323.867421
193.437053,77,324.148183
179.664059,63,324.385372
204.797308,70,324.636976
136.836079,75,324.914802
176.616533,81,325.211069
187.283159,85,325.528865
17.012088,159,326.126881
200.831992,70,326.388684
179.796457,88,326.708062
167.632387,51,326.894334
139.221575,62,327.110463
185.415125,89,327.432163
176.64143,53,327.638501
178.293808,70,327.894316
189.57567,89,328.220645
99.07932,57,328.429523
194.304177,74,328.69519
-233.850628,158,329.292893
133.861037,74,329.555295
185.913546,56,329.759655
158.157087,61,329.977629
143.925287,63,330.206198
181.800921,85,330.520294
172.448576,54,330.722886
171.095971,87,331.034115
164.166197,59,331.241794
121.388058,56,331.448131
-113.501013,198,332.200144
144.747449,64,332.436827
167.856717,89,332.760848
-405.888214,95,333.120736
8.776105,117,333.568357
137.148687,58,333.790487
155.460385,85,334.107217
134.673464,53,334.303112
170.625857,74,334.580345
189.764508,55,334.778468
53.448975,67,335.032635
183.490732,87,335.359999
-70.820685,111,335.780561
197.191223,74,336.045664
-129.29154,129,336.533713
28.121742,74,336.812028
119.787418,55,337.018238
156.663088,62,337.239052
98.746981,74,337.511122
154.207204,67,337.744117
127.231062,57,337.960635
127.499506,67,338.192723
170.605171,70,338.457901
206.961781,65,338.689245
-120.251832,182,339.36835
181.597528,93,339.70285
173.548473,58,339.902747
89.873226,76,340.164979
144.014764,58,340.380471
199.546912,90,340.703283
183.067796,66,340.95151
175.712626,80,341.243806
106.635858,50,341.422108
198.051391,71,341.679686
155.121618,63,341.909831
184.791707,89,342.230521
-128.00102,161,342.844219
-74.904767,152,343.403922
118.911214,71,343.660458
-35.326252,128,344.137414
204.064721,74,344.412235
177.412876,53,344.606621
108.008502,87,344.930197
173.714594,84,345.247611
-200.076112,379,346.786499
155.980205,67,347.036347
137.908077,70,347.295998
112.60814,62,347.517038
-140.289049,233,348.39867
63.27436,118,348.822655
204.348447,67,349.071323
-81.936931,312,349.434165
-152.427102,157,349.559501
170.599314,54,349.596402
111.784353,72,349.644526
177.257349,54,349.681776
